{"cameraMode":{"drawMode":0,"name":"Shaded","section":"Shading Mode"},"sceneLighting":true,"audioPlay":false,"sceneViewState":{"m_AlwaysRefresh":false,"showFog":true,"showSkybox":true,"showFlares":true,"showImageEffects":true,"showParticleSystems":true,"showVisualEffectGraphs":true,"m_FxEnabled":true},"in2DMode":false,"pivot":{"x":4.426858425140381,"y":22.476070404052736,"z":-33.129966735839847},"rotation":{"x":0.4230577349662781,"y":-0.021082507446408273,"z":0.010766709223389626,"w":0.9061761498451233},"size":3.121708631515503,"orthographic":false}