{"cameraMode":{"drawMode":0,"name":"Shaded","section":"Shading Mode"},"sceneLighting":true,"audioPlay":false,"sceneViewState":{"m_AlwaysRefresh":false,"showFog":true,"showSkybox":true,"showFlares":true,"showImageEffects":true,"showParticleSystems":true,"showVisualEffectGraphs":true,"m_FxEnabled":true},"in2DMode":false,"pivot":{"x":20.122840881347658,"y":-3.0303430557250978,"z":24.33283233642578},"rotation":{"x":-0.2355632483959198,"y":-0.15245331823825837,"z":0.03475626930594444,"w":-0.9596314430236816},"size":10.321712493896485,"orthographic":false}